method,rows,low_count,medium_count,high_count,balance_score,relationship_coverage,score,nodes,edges
existing_engagement_level,656,219,218,219,0.9984756097560975,1.0,0.9989329268292682,85,298
quantile_33_33_33,656,219,218,219,0.9984756097560975,1.0,0.9989329268292682,85,298
bottom25_mid50_top25,656,164,328,164,0.75,1.0,0.825,85,296
fixed_rate_0.03_0.08,656,613,20,23,0.09832317073170738,1.0,0.36882621951219513,85,288
