cluster_id,businesses,followers_count,engagement_rate_mean,view_rate_mean,comment_rate_mean,promo_share,discount_mean,cluster_label
4,1,2362.0,0.5471263759525825,28.157070279424218,0.008255715495342913,0.0,0.0,community storytellers
1,2,3400000.0,0.046208492822966504,0.890023923444976,0.0009198165869218001,0.5,0.0,reach-focused brands
0,2,5446.0,0.02744092580916347,78.52391695565365,0.0003469209751996388,0.4625,2.5,discount-driven sellers
7,1,2900.0,0.02471264367816083,0.0,0.0051724137931034005,0.0,0.0,passive businesses
3,1,5700000.0,0.020730899830220667,0.8072891907187324,0.0005384833050367359,0.3548387096774194,3.064516129032258,conversion-tactical players
2,53,225267.22641509434,0.005148643380920622,0.7056068756511662,0.0001938955564027577,0.7813513250045456,1.451013477088949,video-first builders
5,1,1100000.0,0.0022445454545454,0.0,5.272727272727273e-05,1.0,100.0,niche loyalty brands
6,4,15000000.0,0.001414873333333309,0.06439583333333329,3.0489166666664582e-05,0.0125,0.0,emerging challengers
