method,setting,anomalies,interpretability,anomaly_balance,composite_score
zscore,threshold=3,73,0.95,0.9240924092409241,1.9090909090909092
zscore,threshold=2.5,135,0.95,0.7194719471947195,1.6640316205533598
isolation_forest,contamination=0.05,50,0.75,1.0,1.2000000000000002
isolation_forest,contamination=0.03,30,0.75,0.933993399339934,1.1209486166007907
isolation_forest,contamination=0.1,100,0.75,0.834983498349835,1.0023715415019765
zscore,threshold=2,303,0.95,0.16501650165016502,1.0
lof,n_neighbors=10,50,0.7,1.0,1.0
lof,n_neighbors=20,50,0.7,1.0,1.0
lof,n_neighbors=35,50,0.7,1.0,1.0
