post_type,posts_count,engagement_mean,engagement_rate_mean,view_rate_mean,comment_rate_mean
reel,594,9320.62037037037,0.023282445508592178,5.0773678758862815,0.00046157481037341293
post,115,145.47391304347826,0.007166391895167622,27.14654721640583,0.00047235150002403507
