sector,posts_count,engagement_mean,engagement_rate_mean,view_rate_mean,comment_rate_mean
Supermarkets,75,299.0933333333333,0.12270299152905821,6.662134676027157,0.0020015024409169566
Gym,40,124.625,0.04233192430540233,4.794285887716231,0.0007650703934212113
Influencers,80,68138.1375,0.012682563050239234,0.47950196630781494,0.0003106634529505582
Cafes/Restaurants,233,258.31545064377684,0.007990956476040686,20.079636215202804,0.0002962479653944026
Fashion,281,51.68149466192171,0.0031366849118005403,2.595952016034011,0.00019182031632032246
