post_type,posts_count,engagement_mean,engagement_rate_mean,view_rate_mean,comment_rate_mean
reel,314,3273.417197452229,0.23742189555509274,2.284066941237533,0.019465800714441896
video,107,1832.03738317757,0.15079751854776338,1.419955277271031,0.012713986172060671
carousel,206,1342.2427184466019,0.09193642001198951,0.8740857592957595,0.008621347325944191
image,373,1035.3619302949062,0.06409938258826971,0.6022018624951003,0.005466958551805751
