rolling_window,growth_threshold,stable_ratio,inconsistent_ratio,interpretability,composite_score
3,0.1,0.0,1.0,1.0,2.0
4,0.1,0.0,1.0,0.95,1.5
2,0.1,0.0,1.0,0.95,1.5
3,0.05,0.0,1.0,0.95,1.5
3,0.15,0.0,1.0,0.95,1.5
2,0.05,0.0,1.0,0.8999999999999999,1.0
2,0.15,0.0,1.0,0.8999999999999999,1.0
4,0.05,0.0,1.0,0.8999999999999999,1.0
4,0.15,0.0,1.0,0.8999999999999999,1.0
