post_cluster,engagement_rate,top_post_type,top_time
0,0.13836031901203363,image,afternoon
1,0.12580928318355492,image,afternoon
2,0.13586535268635636,reel,afternoon
3,0.16321170324611006,carousel,night
4,0.11665255267637852,image,afternoon
